{
    "display": {
        "icon": {
            "id": "minecraft:barrier"
        },
        "title": {
            "translate": "advancements.no_you_dont.root.title",
            "fallback": "No You Don't"
        },
        "frame": "goal",
        "description": [
            {
                "text": "Version",
                "extra": [
                    " ",
                    {
                        "text": "1.4.0",
                        "color": "red"
                    }
                ],
                "color": "dark_gray"
            },
            "\n\n",
            {
                "translate": "advancements.no_you_dont.root.description",
                "fallback": "A Datapack to restrict acces to the nether and end with a configurable delay.",
                "color": "gray"
            },
            "\n\n",
            {
                "text": "By",
                "extra": [
                    " ",
                    {
                        "text": "Bodebojo",
                        "color": "red"
                    }
                ],
                "color": "dark_gray"
            }
        ],
        "show_toast": false,
        "announce_to_chat": false
    },
    "criteria": {
        "install the no_you_dont datapack": {
            "trigger": "minecraft:tick"
        }
    },
    "parent": "bojos_api:root",
    "requirements": [
        [
            "install the no_you_dont datapack"
        ]
    ]
}